{
    "$schema": "https://raw.githubusercontent.com/martinring/tmlanguage/master/tmlanguage.json",
    "name": "OSL",
    "patterns": [
        {
            "include": "#keywords"
        },
        {
            "include": "#strings"
        },
        {
            "include": "#comments"
        },
        {
            "include": "#numbers"
        },
        {
            "include": "#functions"
        },
        {
            "include": "#operators"
        }
    ],
    "repository": {
        "keywords": {
            "patterns": [
                {
                    "name": "keyword.control.osl",
                    "match": "\\b(if|while|for|each|until|else|return|def|endef|goto|mainloop)\\b"
                },
                {
                    "name": "keyword.other.osl",
										"begin": "^",
                    "match": "\\b(loc|direction|stretch|change_x|change_y|change|hitbox|set_x|set_y|image|colour|window|text|icon|square)\\b"
                },
								{
									"name": "keyword.logging.osl",
									"match": "\\b(log|warn|error)\\b"
								}
            ]
        },
        "strings": {
            "patterns": [
                {
                    "name": "string.quoted.double.osl",
                    "begin": "\"",
                    "end": "\"",
                    "patterns": [
                        {
                            "name": "constant.character.escape.osl",
                            "match": "\\\\."
                        }
                    ]
                },
                {
                    "name": "string.quoted.single.osl",
                    "begin": "'",
                    "end": "'",
                    "patterns": [
                        {
                            "name": "constant.character.escape.osl",
                            "match": "\\\\."
                        }
                    ]
                }
            ]
        },
        "comments": {
            "patterns": [
                {
                    "name": "comment.line.double-slash.osl",
                    "begin": "//",
                    "end": "$"
                }
            ]
        },
        "numbers": {
            "patterns": [
                {
                    "name": "constant.numeric.osl",
                    "match": "\\b\\d+(\\.\\d+)?\\b"
								}
            ]
        },
        "functions": {
            "patterns": [
                {
                    "name": "entity.name.function.osl",
                    "match": "\\b\\w+\\s*(?=\\()"
                }
            ]
        },
        "operators": {
            "patterns": [
                {
                    "name": "keyword.operator.osl",
                    "match": "\\+\\+|--|[-+*/%=!<>&^]"
                }
            ]
        },
				"methods": {
					"patterns": [
						{
							"name": "entity.name.function.method.osl",
							"match": "\\b.\\w+\\s*(?=\\()"
						}
					]
				}
    },
    "scopeName": "source.osl"
}
